Fever Category,Body Pain,Age Goup,Runny Nose,Difficulty Breathing,COVID Infection
low,false,twenties,true,little,false
normal,true,sixties,true,medium,true
low,true,teens,false,little,false
moderate,true,fifties,true,medium,true
moderate,true,thirties,false,severe,false
moderate,false,thirties,false,little,false
moderate,true,thirties,true,severe,false
normal,false,twenties,false,severe,false
moderate,true,fourties,false,severe,true
normal,true,thirties,true,little,true
low,true,teens,true,medium,false
moderate,false,teens,true,little,true
normal,false,seventies,true,severe,true
low,true,thirties,false,little,true
normal,false,seventies,false,little,true
normal,true,fifties,true,severe,false
moderate,false,thirties,false,little,false
low,false,twenties,false,medium,false
low,false,twenties,false,little,false
moderate,true,thirties,true,medium,true
moderate,true,thirties,false,little,true
moderate,false,seventies,true,little,true
moderate,false,thirties,true,little,true
moderate,true,sixties,true,severe,true
moderate,false,twenties,true,medium,true
high,false,sixties,true,severe,false
low,false,fifties,true,severe,false
low,false,sixties,true,little,true
high,false,seventies,true,medium,false
high,true,fourties,true,severe,true
high,true,fourties,true,little,false
moderate,true,seventies,false,little,false
low,true,fifties,true,severe,false
normal,true,twenties,true,little,true
moderate,false,sixties,false,medium,false
normal,false,sixties,true,medium,true
normal,true,fourties,true,medium,false
high,false,fourties,false,medium,true
moderate,false,seventies,false,little,true
low,false,sixties,false,severe,true
moderate,true,seventies,false,little,true
moderate,true,seventies,true,severe,false
moderate,true,seventies,true,medium,true
normal,true,twenties,false,little,true
high,false,fifties,true,medium,true
moderate,true,thirties,true,medium,false
moderate,true,seventies,true,severe,true
moderate,true,twenties,true,little,true
high,true,seventies,true,little,false
moderate,false,twenties,false,severe,true
low,true,thirties,true,little,false
high,false,seventies,true,medium,false
moderate,false,teens,false,severe,false
high,true,sixties,false,medium,false
normal,true,fifties,false,medium,true
high,false,sixties,false,severe,false
low,false,fourties,true,medium,false
high,true,sixties,false,medium,true
low,false,thirties,true,severe,true
moderate,false,fourties,false,medium,true
moderate,true,teens,true,severe,false
high,false,eighties,false,little,true
high,true,eighties,false,little,false
high,true,teens,true,severe,true
moderate,true,twenties,false,medium,false
moderate,true,seventies,false,severe,true
moderate,false,twenties,true,little,false
low,true,fifties,true,severe,false
high,true,fifties,false,medium,true
normal,false,twenties,false,little,false
moderate,false,sixties,true,little,true
high,true,fifties,true,medium,false
moderate,true,thirties,false,severe,true
normal,true,sixties,false,little,false
low,true,seventies,false,medium,true
high,true,fourties,true,little,true
low,false,teens,false,little,true
moderate,false,thirties,true,little,false
high,false,sixties,false,medium,true
low,true,teens,false,little,false
low,false,sixties,true,severe,true
normal,true,thirties,true,little,true
high,false,twenties,true,little,true
normal,true,fifties,false,little,false
high,true,teens,true,little,true
high,false,teens,false,medium,true
normal,false,sixties,false,medium,true
low,true,twenties,true,severe,false
normal,false,eighties,false,medium,true
normal,false,teens,true,medium,false
normal,true,sixties,false,little,false
low,true,fifties,false,medium,false
moderate,true,teens,true,little,false
moderate,true,eighties,false,little,true
normal,true,thirties,false,medium,true
normal,true,fifties,true,little,false
normal,true,seventies,false,severe,false
moderate,false,fifties,false,severe,true
normal,false,fourties,false,little,true
normal,true,fourties,false,medium,true
low,false,seventies,true,medium,false
high,true,fourties,false,medium,false
normal,true,seventies,false,severe,true
moderate,false,seventies,true,medium,true
low,true,seventies,false,little,false
moderate,false,fifties,true,medium,false
normal,true,teens,false,medium,false
moderate,false,thirties,true,medium,false
moderate,true,eighties,true,severe,true
high,false,seventies,false,severe,true
high,false,fifties,true,severe,false
moderate,true,fifties,true,medium,false
low,true,twenties,false,little,true
moderate,true,seventies,true,severe,false
moderate,false,twenties,true,little,true
low,false,teens,true,little,true
moderate,false,teens,true,severe,false
moderate,false,sixties,false,little,true
normal,false,thirties,true,little,false
normal,true,teens,true,little,false
normal,true,seventies,true,little,true
low,false,teens,false,little,true
normal,false,thirties,true,medium,true
moderate,false,thirties,true,medium,false
moderate,true,twenties,false,medium,false
low,false,seventies,false,little,false
moderate,true,fifties,false,severe,true
moderate,true,thirties,true,medium,false
high,false,seventies,false,medium,false
normal,true,twenties,true,medium,false
high,true,seventies,true,little,true
moderate,false,fourties,true,severe,true
normal,false,teens,true,medium,false
normal,true,fifties,true,severe,true
moderate,false,fourties,true,little,false
moderate,false,fourties,true,little,false
low,true,sixties,false,little,false
moderate,true,thirties,false,medium,false
moderate,false,thirties,true,little,false
moderate,false,sixties,false,medium,true
normal,true,fifties,true,medium,false
moderate,false,thirties,false,medium,true
low,false,fifties,true,medium,true
low,false,fourties,false,severe,false
moderate,false,fifties,false,little,true
high,false,seventies,false,severe,true
normal,true,sixties,false,severe,true
normal,true,twenties,false,medium,false
high,true,twenties,true,medium,true
moderate,true,fifties,true,severe,false
low,false,seventies,false,severe,true
moderate,true,fourties,false,severe,false
moderate,true,fifties,true,little,true
normal,true,seventies,false,medium,true
moderate,true,teens,true,medium,true
moderate,false,fifties,false,severe,true
high,true,fifties,true,little,false
moderate,false,twenties,false,little,true
normal,false,twenties,true,severe,false
moderate,false,thirties,false,medium,true
moderate,true,fourties,true,medium,true
low,false,thirties,false,medium,false
normal,false,thirties,false,little,false
moderate,true,thirties,true,severe,true
moderate,true,fifties,false,little,false
moderate,true,sixties,false,severe,false
high,true,fifties,true,medium,false
low,false,teens,true,little,true
normal,true,twenties,true,medium,true
moderate,false,seventies,false,medium,false
moderate,false,fifties,false,little,false
low,false,fourties,true,severe,false
moderate,false,seventies,false,severe,true
low,false,thirties,false,severe,true
normal,true,sixties,false,medium,false
low,true,fifties,false,medium,true
moderate,true,twenties,true,severe,false
moderate,false,fifties,false,medium,true
moderate,true,teens,true,little,true
moderate,false,twenties,false,severe,false
low,true,twenties,false,medium,false
moderate,true,sixties,false,medium,true
high,false,twenties,true,severe,false
high,false,thirties,true,severe,true
normal,false,thirties,true,little,false
normal,false,thirties,true,medium,false
high,true,twenties,false,severe,true
high,false,sixties,true,medium,false
normal,false,seventies,true,severe,false
high,true,twenties,true,medium,false
normal,true,thirties,false,severe,false
moderate,true,fourties,false,little,true
high,false,sixties,false,medium,true
moderate,false,seventies,false,little,false
high,true,seventies,true,medium,false
moderate,true,sixties,true,little,false
low,true,teens,false,severe,false
moderate,true,teens,true,little,true
normal,true,fifties,false,little,false
normal,true,fourties,false,severe,true
moderate,false,teens,false,little,true
moderate,true,sixties,false,severe,true
normal,true,teens,false,little,true
moderate,false,fifties,true,little,true
moderate,true,fourties,false,medium,false
low,true,twenties,false,medium,false
moderate,false,sixties,false,severe,true
moderate,false,twenties,true,little,false
high,false,teens,false,medium,true
moderate,true,sixties,true,severe,true
moderate,true,twenties,true,medium,false
normal,true,seventies,false,severe,true
normal,true,fourties,true,little,false
moderate,false,seventies,false,severe,false
high,true,seventies,false,severe,true
high,true,eighties,false,little,true
moderate,true,sixties,false,little,true
normal,false,twenties,false,medium,false
high,false,twenties,true,little,true
high,false,eighties,true,little,false
moderate,true,fourties,true,medium,true
low,true,teens,true,medium,false
high,false,eighties,false,little,true
moderate,true,thirties,true,little,true
moderate,false,seventies,false,little,false
low,true,teens,false,medium,true
moderate,true,teens,true,little,false
moderate,true,seventies,true,medium,true
moderate,false,fifties,true,medium,false
moderate,true,fifties,true,severe,true
high,false,sixties,true,severe,true
moderate,true,seventies,false,medium,true
normal,true,twenties,true,little,true
high,false,seventies,true,medium,true
high,true,thirties,false,little,false
normal,false,seventies,true,severe,true
normal,true,thirties,true,little,true
low,true,sixties,true,severe,false
low,false,fourties,true,little,true
normal,true,fourties,true,medium,false
moderate,false,fifties,false,little,false
moderate,true,fourties,false,little,false
high,false,teens,true,severe,true
normal,true,teens,true,medium,false
moderate,true,thirties,false,medium,false
high,true,thirties,true,medium,true
low,true,teens,true,medium,true
low,true,sixties,true,little,true
moderate,true,teens,true,medium,true
moderate,false,seventies,true,severe,true
high,true,seventies,true,little,true
moderate,true,thirties,true,severe,false
normal,false,eighties,false,little,true
low,true,teens,true,severe,true
low,false,fifties,true,little,false
moderate,true,eighties,true,little,true
normal,false,seventies,true,severe,true
high,true,thirties,true,severe,false
high,true,teens,true,medium,true
low,true,sixties,false,little,true
moderate,false,seventies,true,little,false
moderate,false,twenties,true,little,false
normal,false,seventies,true,medium,true
moderate,false,eighties,true,little,true
moderate,true,seventies,true,little,true
low,true,fifties,true,little,false
moderate,false,thirties,true,medium,true
low,false,seventies,false,little,true
normal,false,teens,true,medium,true
moderate,true,thirties,true,little,false
high,true,sixties,false,medium,true
high,true,twenties,false,severe,false
normal,false,teens,false,medium,true
high,false,fifties,true,little,false
normal,true,seventies,false,little,true
high,true,fourties,true,severe,false
low,true,sixties,true,little,true
moderate,false,thirties,false,severe,false
moderate,false,sixties,true,medium,false
moderate,true,fifties,false,little,true
low,true,twenties,false,medium,false
low,true,teens,true,severe,true
moderate,false,twenties,false,severe,false
moderate,false,thirties,true,severe,false
high,true,sixties,true,little,false
moderate,false,fourties,false,severe,false
high,false,fourties,true,severe,true
normal,false,twenties,true,little,true
moderate,false,sixties,true,little,true
low,false,seventies,true,medium,true
moderate,false,sixties,true,medium,false
low,false,seventies,true,severe,true
moderate,false,thirties,false,medium,true
moderate,false,fifties,true,little,false
normal,true,fourties,true,little,true
moderate,true,teens,false,medium,false
low,false,seventies,true,severe,true
low,false,teens,false,little,true
moderate,true,fourties,false,severe,false
moderate,false,thirties,true,severe,true
moderate,false,thirties,true,severe,false
moderate,false,thirties,false,little,true
moderate,true,fourties,false,little,true
high,false,seventies,false,little,true
moderate,false,eighties,false,severe,false
high,true,fifties,false,little,false
moderate,false,fourties,false,little,true
normal,false,twenties,true,little,true
moderate,false,teens,false,little,true
moderate,true,fifties,false,medium,false
moderate,false,teens,false,little,true
moderate,false,sixties,true,medium,true
moderate,true,eighties,true,little,false
moderate,false,fourties,true,severe,false
normal,true,seventies,true,little,false
high,false,seventies,true,severe,false
high,true,sixties,false,severe,true
moderate,true,teens,true,medium,false
high,false,thirties,false,severe,true
high,true,teens,false,little,false
moderate,false,teens,false,severe,true
low,false,twenties,true,severe,false
normal,false,sixties,true,severe,true
normal,false,seventies,false,little,true
normal,false,fifties,true,medium,true
normal,true,twenties,false,little,false
low,false,fourties,false,medium,false
normal,false,fourties,true,little,true
moderate,false,fourties,true,severe,false
moderate,false,sixties,true,little,false
moderate,false,twenties,true,severe,true
moderate,true,seventies,false,little,false
normal,false,sixties,true,medium,false
moderate,false,fourties,false,little,false
moderate,true,fifties,true,medium,true
high,false,thirties,true,medium,true
normal,false,sixties,false,severe,true
moderate,false,seventies,true,little,false
moderate,true,teens,false,severe,true
moderate,false,eighties,false,medium,true
moderate,true,seventies,false,medium,false
normal,true,twenties,true,severe,false
normal,false,teens,false,medium,true
high,false,twenties,false,little,true
low,false,fourties,false,severe,false
moderate,false,thirties,true,little,false
moderate,true,seventies,false,little,true
moderate,true,thirties,true,medium,false
high,false,sixties,true,severe,true
moderate,true,thirties,false,severe,false
normal,false,teens,true,little,false
high,false,fourties,true,medium,false
moderate,false,fourties,true,medium,false
moderate,false,twenties,false,severe,false
low,true,twenties,true,severe,false
low,true,thirties,false,little,false
high,true,sixties,false,severe,true
high,false,fifties,false,little,true
low,false,fourties,true,medium,true
low,false,fifties,false,little,true
low,true,twenties,true,severe,true
normal,false,fifties,false,medium,true
moderate,true,fifties,true,medium,true
normal,true,fourties,true,medium,false
high,false,thirties,false,medium,true
low,false,twenties,false,little,false
high,false,teens,false,medium,false
moderate,true,fourties,true,little,true
moderate,true,sixties,true,severe,true
moderate,true,fifties,true,severe,false
high,true,fourties,true,little,false
normal,true,teens,false,little,true
moderate,true,thirties,false,little,false
low,false,thirties,true,medium,true
normal,true,thirties,false,little,false
low,false,sixties,true,severe,true
high,true,thirties,false,little,true
high,true,thirties,true,little,true
moderate,true,teens,false,little,true
high,false,sixties,true,little,true
low,true,seventies,true,little,false
high,true,thirties,false,medium,false
moderate,true,twenties,false,little,true
high,true,thirties,false,little,false
high,false,fourties,true,medium,false
moderate,true,fifties,true,severe,false
moderate,true,fourties,true,medium,false
normal,false,twenties,false,severe,true
low,false,seventies,false,little,false
low,false,fourties,true,severe,false
moderate,false,fifties,false,little,false
normal,true,twenties,true,severe,false
normal,true,fifties,false,severe,false
normal,true,sixties,true,little,false
normal,true,fifties,true,medium,false
normal,true,teens,false,little,false
moderate,true,thirties,false,severe,false
high,true,eighties,true,medium,true
moderate,true,sixties,false,little,false
normal,false,fifties,true,little,true
normal,false,thirties,false,medium,false
moderate,false,fifties,false,medium,false
low,false,fifties,false,medium,true
moderate,true,eighties,false,severe,true
moderate,false,fourties,false,severe,true
low,true,sixties,true,severe,true
low,true,seventies,false,medium,false
high,false,twenties,false,little,true
normal,true,fourties,false,severe,false
low,false,fifties,false,little,true
moderate,false,eighties,false,little,true
normal,true,fifties,false,medium,false
high,true,teens,false,severe,false
moderate,false,thirties,false,medium,false
moderate,true,teens,true,medium,true
moderate,false,eighties,false,little,false
high,false,fourties,false,little,false
low,false,thirties,false,medium,false
high,false,fourties,true,severe,true
moderate,false,fourties,true,severe,false
moderate,false,fourties,true,little,true
low,false,seventies,true,severe,true
moderate,true,fifties,false,severe,false
moderate,true,thirties,true,little,true
moderate,true,seventies,false,little,false
moderate,false,thirties,false,medium,false
moderate,false,fifties,false,severe,true
moderate,false,twenties,false,severe,false
high,false,sixties,false,little,false
low,false,fourties,false,medium,true
high,true,thirties,true,little,false
moderate,false,seventies,false,severe,false
low,true,fifties,false,medium,true
moderate,false,fourties,true,medium,false
moderate,false,fifties,false,medium,false
high,false,fourties,false,little,false
high,false,thirties,true,severe,true
moderate,false,seventies,true,little,false
normal,true,fourties,false,little,false
moderate,false,sixties,false,medium,false
moderate,true,fourties,false,medium,true
normal,false,seventies,true,medium,true
moderate,true,sixties,true,little,true
normal,false,twenties,false,severe,false
low,true,eighties,true,little,true
high,true,sixties,true,severe,false
moderate,false,teens,true,severe,false
normal,false,fifties,false,little,true
moderate,false,seventies,false,medium,false
moderate,false,thirties,true,medium,false
normal,false,sixties,false,severe,false
low,false,fourties,false,little,true
moderate,false,sixties,true,severe,true
moderate,false,eighties,true,medium,true
moderate,false,seventies,true,little,false
normal,false,sixties,false,medium,false
normal,true,teens,true,medium,false
high,true,seventies,true,medium,false
moderate,true,teens,true,little,false
normal,false,teens,false,little,true
low,false,twenties,true,little,true
moderate,true,thirties,false,severe,false
normal,true,fourties,false,severe,false
moderate,false,fourties,false,medium,false
moderate,false,teens,true,medium,true
moderate,true,thirties,true,little,false
normal,true,sixties,false,little,false
normal,true,teens,false,severe,true
high,false,sixties,false,medium,true
moderate,false,twenties,false,medium,false
low,true,sixties,false,severe,true
low,true,sixties,true,little,true
moderate,false,fourties,false,little,false
normal,false,sixties,false,medium,true
low,true,sixties,false,little,true
low,true,fourties,false,medium,true
moderate,true,fifties,true,medium,true
high,true,teens,false,little,true
moderate,false,teens,true,medium,true
low,false,fifties,true,little,true
normal,true,seventies,true,severe,false
moderate,false,sixties,true,severe,false
moderate,true,seventies,true,little,false
moderate,true,fifties,true,little,true
moderate,true,eighties,true,little,true
high,true,fifties,true,severe,false
normal,false,teens,false,severe,true
high,true,thirties,true,severe,true
moderate,true,sixties,false,severe,false
moderate,true,fourties,true,severe,true
moderate,true,twenties,false,severe,false
high,true,twenties,false,medium,true
normal,false,teens,false,severe,true
normal,true,fifties,false,little,true
high,false,seventies,true,medium,true
high,false,fifties,true,severe,true
high,true,fifties,false,little,false
moderate,true,fifties,false,medium,true
low,true,thirties,false,little,false
low,true,seventies,true,little,false
high,true,seventies,false,little,false
low,true,fifties,true,medium,false
moderate,true,seventies,true,medium,false
moderate,true,seventies,true,medium,true
moderate,false,seventies,false,little,false
moderate,true,thirties,true,little,true
low,true,seventies,false,severe,true
moderate,false,twenties,true,severe,true
high,false,thirties,false,medium,false
normal,true,sixties,false,medium,true
moderate,true,teens,true,severe,false
moderate,false,thirties,false,severe,true
moderate,true,fourties,false,little,true
high,false,fourties,false,little,true
moderate,true,thirties,false,medium,false
moderate,true,fourties,false,severe,true
high,false,thirties,true,little,true
low,true,thirties,false,medium,false
moderate,false,fifties,false,severe,true
normal,false,sixties,false,little,true
low,false,fourties,false,severe,true
normal,false,seventies,false,severe,true
moderate,true,fifties,false,little,false
high,true,thirties,false,severe,false
moderate,false,twenties,false,severe,false
high,true,thirties,false,little,false
moderate,false,sixties,true,medium,false
normal,true,twenties,false,little,true
normal,true,seventies,false,severe,true
low,false,teens,false,medium,true
moderate,false,teens,true,medium,true
normal,false,twenties,true,severe,false
high,true,twenties,true,little,false
normal,false,fourties,true,severe,false
high,false,twenties,true,severe,false
moderate,false,thirties,true,medium,true
moderate,false,thirties,false,severe,false
moderate,true,fifties,true,severe,false
high,true,fifties,true,little,true
normal,false,thirties,false,severe,true
normal,true,seventies,true,little,true
moderate,false,fifties,false,severe,true
low,true,fifties,false,medium,false
moderate,false,teens,true,little,false
normal,false,fifties,true,severe,false
normal,true,twenties,false,medium,true
low,true,fifties,true,severe,true
moderate,false,sixties,true,medium,false
high,true,sixties,true,little,true
moderate,true,fourties,false,medium,true
low,false,fourties,true,little,false
low,true,fifties,false,severe,true
moderate,true,seventies,true,medium,false
high,true,twenties,true,severe,true
moderate,false,seventies,true,medium,false
normal,true,twenties,true,medium,true
high,false,fifties,true,medium,false
normal,true,fourties,false,severe,true
low,true,twenties,false,severe,false
moderate,false,seventies,true,severe,true
moderate,true,thirties,false,severe,true
low,false,seventies,true,severe,true
low,true,thirties,true,little,false
normal,true,thirties,false,severe,true
moderate,false,sixties,false,medium,false
normal,true,sixties,true,severe,true
low,true,twenties,false,medium,false
moderate,true,fifties,true,severe,false
moderate,true,teens,false,medium,false
high,false,teens,true,medium,false
moderate,true,seventies,true,little,true
moderate,true,fifties,false,medium,false
moderate,false,fifties,true,medium,false
normal,true,fifties,false,medium,true
normal,true,fifties,true,severe,false
high,false,seventies,false,little,true
normal,false,seventies,false,little,true
moderate,false,eighties,false,little,false
low,true,twenties,false,medium,false
moderate,true,fifties,false,medium,false
low,true,seventies,true,severe,false
high,true,thirties,true,medium,false
high,true,fourties,false,medium,false
moderate,true,sixties,true,little,true
moderate,true,sixties,false,medium,true
high,false,twenties,false,little,false
high,false,thirties,false,little,false
moderate,true,thirties,true,little,false
low,false,thirties,true,medium,false
high,true,twenties,false,medium,false
low,false,twenties,true,little,false
moderate,false,fourties,false,medium,true
moderate,false,thirties,false,little,false
high,true,seventies,true,medium,true
high,true,seventies,true,severe,true
low,false,thirties,false,medium,false
high,true,sixties,false,little,true
low,false,fourties,false,medium,true
normal,true,fourties,true,medium,false
normal,true,twenties,true,severe,false
high,false,teens,true,medium,true
high,true,fifties,true,little,true
high,true,sixties,false,severe,true
normal,false,fifties,false,medium,false
high,true,seventies,true,medium,false
normal,true,fifties,true,severe,true
moderate,true,seventies,false,little,true
low,true,teens,false,little,false
high,false,sixties,false,little,true
moderate,false,thirties,true,severe,false
normal,false,sixties,true,severe,true
low,true,seventies,true,medium,true
moderate,true,fifties,true,little,true
moderate,false,seventies,true,little,true
low,true,fifties,true,little,false
normal,false,fourties,true,medium,true
normal,true,thirties,false,medium,false
moderate,true,teens,true,severe,false
low,false,sixties,true,medium,true
low,false,seventies,false,little,false
moderate,true,twenties,false,medium,false
moderate,false,eighties,true,little,false
moderate,false,twenties,false,little,true
normal,true,sixties,true,severe,false
normal,false,twenties,false,medium,true
moderate,true,sixties,false,little,true
moderate,false,twenties,true,little,false
moderate,false,teens,false,medium,false
normal,false,teens,false,medium,false
high,true,fifties,true,severe,true
moderate,false,sixties,true,severe,true
low,true,teens,true,severe,true
high,false,fifties,true,severe,false
low,true,fifties,false,medium,true
moderate,false,fifties,false,severe,true
moderate,true,sixties,false,little,false
moderate,false,teens,false,medium,false
high,false,sixties,true,severe,true
moderate,true,seventies,true,medium,false
low,false,teens,true,severe,false
high,false,twenties,false,severe,false
moderate,true,fifties,true,severe,false
moderate,false,fifties,false,severe,true
normal,true,seventies,false,severe,true
low,false,sixties,true,severe,false
moderate,true,twenties,true,severe,false
low,true,twenties,false,severe,false
high,false,sixties,false,medium,true
normal,true,twenties,false,little,true
moderate,false,teens,false,medium,true
moderate,true,fifties,true,little,false
normal,false,seventies,false,little,false
normal,false,thirties,false,severe,false
moderate,true,fourties,false,medium,true
normal,false,fourties,false,little,true
high,true,fourties,true,medium,true
high,false,fifties,false,severe,false
moderate,true,twenties,false,severe,false
normal,true,sixties,false,severe,true
low,false,fifties,false,little,true
normal,false,fourties,true,severe,true
low,true,twenties,true,little,false
normal,false,twenties,false,medium,true
moderate,false,fifties,false,severe,false
normal,false,thirties,false,little,false
low,true,teens,false,medium,false
low,true,fifties,true,little,false
moderate,true,thirties,false,medium,false
high,false,seventies,true,little,true
high,false,thirties,false,medium,false
high,true,twenties,true,medium,false
low,false,fifties,true,little,true
low,true,twenties,true,severe,true
low,true,fifties,false,medium,false
low,true,sixties,true,severe,true
moderate,true,twenties,true,little,false
moderate,true,fourties,true,medium,true
low,false,fourties,false,severe,true
low,true,fourties,false,little,true
normal,false,fifties,true,little,false
moderate,false,fourties,false,severe,false
moderate,true,fourties,true,medium,true
moderate,false,seventies,true,little,true
normal,false,thirties,true,severe,true
high,true,sixties,false,severe,true
moderate,true,seventies,true,little,false
moderate,true,teens,true,medium,true
moderate,false,fourties,false,little,true
moderate,false,sixties,false,severe,true
high,false,fifties,false,medium,true
high,false,seventies,false,severe,false
moderate,true,sixties,false,severe,true
normal,true,twenties,true,little,true
moderate,false,twenties,true,severe,false
normal,true,twenties,false,medium,false
normal,true,eighties,true,little,true
moderate,false,seventies,true,medium,true
moderate,true,seventies,true,little,true
moderate,true,seventies,false,severe,false
high,true,eighties,true,little,true
low,true,thirties,false,little,true
high,false,teens,true,little,false
low,true,fourties,true,severe,false
normal,false,teens,false,little,false
moderate,false,twenties,false,medium,false
moderate,true,fifties,false,medium,true
high,false,seventies,false,medium,true
high,false,sixties,true,medium,false
high,false,seventies,true,little,true
moderate,false,thirties,false,little,false
normal,true,teens,true,medium,false
high,true,thirties,true,severe,false
normal,true,eighties,true,medium,true
moderate,true,seventies,true,medium,false
high,false,fifties,false,severe,true
moderate,true,thirties,true,severe,true
moderate,true,fifties,true,severe,true
low,false,twenties,true,severe,false
high,false,teens,false,severe,false
moderate,true,fifties,false,severe,false
moderate,false,thirties,true,little,false
moderate,false,teens,false,little,true
low,false,teens,false,medium,false
moderate,false,fourties,true,little,false
low,true,teens,false,severe,false
moderate,false,sixties,false,medium,true
moderate,false,twenties,true,little,true
normal,true,teens,true,severe,false
moderate,false,sixties,false,severe,true
moderate,false,eighties,false,severe,true
moderate,true,sixties,false,severe,false
normal,false,twenties,true,severe,true
low,false,fourties,false,medium,false
moderate,false,seventies,true,medium,false
high,true,fourties,true,severe,false
moderate,false,twenties,true,severe,true
moderate,false,sixties,false,medium,false
low,false,sixties,true,severe,true
low,false,sixties,true,severe,false
moderate,true,twenties,false,medium,true
normal,false,fifties,true,medium,true
moderate,true,sixties,true,severe,false
low,true,teens,false,little,false
normal,true,eighties,true,medium,false
low,false,thirties,false,medium,true
high,false,seventies,false,little,true
low,true,thirties,false,severe,true
moderate,false,twenties,false,severe,false
high,false,fourties,false,little,false
high,true,fifties,false,medium,true
high,true,eighties,false,severe,true
normal,false,thirties,true,little,false
low,true,fifties,true,severe,false
normal,false,thirties,true,medium,false
moderate,true,sixties,true,medium,true
moderate,true,seventies,false,medium,false
low,true,twenties,false,medium,true
moderate,true,sixties,true,little,true
low,true,fifties,false,medium,true
low,false,twenties,true,little,true
high,false,thirties,true,little,false
moderate,true,fifties,false,medium,false
high,true,fourties,true,medium,false
high,true,fourties,false,little,false
moderate,false,teens,false,medium,false
high,false,fourties,true,severe,false
moderate,false,thirties,true,little,false
high,true,sixties,false,medium,false
moderate,true,teens,false,little,false
normal,false,teens,false,little,false
moderate,false,seventies,false,medium,true
normal,false,seventies,false,severe,false
moderate,false,fourties,false,medium,true
normal,false,twenties,true,severe,false
high,true,seventies,true,little,false
moderate,true,fourties,false,little,false
normal,false,teens,false,severe,false
high,true,teens,true,medium,false
moderate,false,teens,false,little,true
moderate,true,thirties,false,little,true
low,false,fourties,false,severe,true
moderate,true,teens,true,medium,true
high,true,seventies,false,little,false
high,false,thirties,false,medium,true
low,false,twenties,true,severe,false
moderate,true,seventies,true,severe,false
high,true,sixties,false,medium,true
moderate,false,thirties,false,little,false
moderate,false,eighties,false,severe,false
normal,false,fourties,true,little,false
moderate,false,sixties,false,severe,true
normal,false,fifties,true,severe,true
high,false,fifties,true,medium,false
low,false,fifties,false,severe,false
moderate,false,sixties,false,little,false
normal,false,seventies,true,severe,true
moderate,true,twenties,false,severe,false
low,false,thirties,true,medium,false
moderate,false,seventies,false,severe,true
low,false,twenties,true,severe,false
moderate,true,thirties,true,medium,true
moderate,false,thirties,false,little,false
moderate,true,seventies,true,little,true
normal,false,thirties,true,little,false
normal,true,seventies,true,little,false
moderate,true,thirties,true,medium,false
moderate,false,fifties,false,little,false
moderate,true,eighties,false,severe,false
high,false,sixties,false,little,false
normal,true,thirties,true,medium,true
normal,true,seventies,true,medium,false
low,true,seventies,true,severe,false
high,true,teens,true,little,true
normal,true,fifties,false,severe,true
normal,false,teens,true,little,true
high,false,sixties,false,medium,true
low,true,teens,false,medium,false
moderate,true,thirties,false,little,false
high,false,thirties,false,little,true
low,true,seventies,true,severe,false
moderate,true,thirties,true,little,false
normal,false,seventies,false,little,false
moderate,false,fourties,true,medium,true
low,false,twenties,true,medium,true
low,false,fifties,false,severe,false
low,false,sixties,true,little,true
normal,true,teens,false,medium,true
moderate,false,fourties,false,medium,false
normal,true,twenties,false,severe,false
normal,false,fifties,false,severe,false
high,true,thirties,true,medium,true
high,false,fifties,false,little,false
high,false,seventies,false,little,false
moderate,false,thirties,true,medium,false
low,false,seventies,false,little,false
high,false,teens,true,little,false
moderate,false,seventies,false,medium,false
high,false,fourties,false,severe,true
normal,false,twenties,false,severe,true
low,false,sixties,true,little,false
normal,true,sixties,true,little,false
moderate,true,thirties,true,little,false
high,false,fifties,true,severe,true
high,false,fourties,false,little,false
moderate,false,seventies,false,little,true
moderate,true,teens,false,little,true
moderate,false,twenties,false,severe,false
low,true,teens,false,severe,false
moderate,false,fourties,true,severe,false
low,true,seventies,true,severe,false
high,false,seventies,true,little,true
normal,false,teens,true,severe,false
low,true,fourties,true,medium,true
moderate,true,twenties,true,little,false
low,true,fifties,false,little,false
moderate,true,seventies,false,little,true
high,false,fifties,true,severe,true
low,false,thirties,true,severe,true
normal,false,seventies,false,little,true
normal,false,sixties,false,little,false
moderate,false,twenties,true,medium,true
moderate,false,twenties,false,little,false
moderate,true,thirties,false,little,true
low,true,eighties,false,little,false
normal,false,sixties,false,medium,true
normal,false,sixties,true,medium,true
moderate,false,thirties,true,medium,false
low,false,teens,true,medium,true
moderate,true,thirties,true,medium,false
moderate,true,fourties,false,little,true
normal,true,twenties,false,severe,true
moderate,false,twenties,true,little,false
high,true,seventies,false,little,false
low,false,thirties,false,severe,true
normal,true,teens,false,severe,false
low,false,seventies,true,medium,false
normal,false,thirties,false,little,true
low,true,seventies,true,medium,true
moderate,true,twenties,false,little,true
low,true,twenties,false,severe,false
normal,false,teens,true,severe,false
normal,false,twenties,true,little,false
moderate,true,sixties,false,medium,true
moderate,false,twenties,true,little,false
moderate,false,fifties,true,medium,true
normal,false,fifties,true,medium,true
moderate,false,teens,false,severe,true
low,false,twenties,true,medium,false
moderate,false,seventies,true,little,false
moderate,false,fifties,false,little,false
high,true,twenties,false,severe,false
high,true,sixties,false,medium,true
moderate,false,fifties,false,medium,true
high,false,thirties,false,severe,false
moderate,true,sixties,false,severe,true
moderate,false,fifties,false,severe,true
moderate,false,sixties,true,medium,false
normal,true,seventies,false,severe,true
moderate,true,sixties,false,little,true
moderate,true,sixties,false,little,false
moderate,false,fifties,false,little,true
normal,true,seventies,false,little,false
low,true,sixties,false,severe,true
high,true,sixties,false,medium,true
low,true,sixties,true,little,true
normal,true,seventies,false,little,true
normal,false,seventies,false,medium,true
high,false,twenties,false,little,false
moderate,false,eighties,false,medium,false
moderate,true,twenties,false,medium,true
normal,true,fourties,true,little,false
moderate,false,twenties,false,severe,false
normal,true,fourties,true,little,false
moderate,true,fifties,false,little,false
moderate,true,sixties,true,medium,false
normal,true,fourties,true,medium,false
moderate,false,fourties,false,medium,true
high,false,thirties,true,medium,true
moderate,false,teens,false,severe,false
moderate,true,thirties,true,medium,false
normal,false,teens,true,medium,true
moderate,false,fourties,true,medium,false
moderate,false,seventies,true,medium,true
normal,true,twenties,false,severe,false
high,true,seventies,false,little,true
moderate,true,thirties,false,severe,false
high,false,teens,false,little,true
moderate,true,fifties,true,little,true
moderate,true,fifties,true,medium,false
high,true,fifties,false,medium,false
low,false,twenties,false,little,false
low,false,thirties,true,severe,false
low,false,twenties,false,little,true
moderate,false,seventies,true,little,true
moderate,true,seventies,false,medium,true
low,false,fourties,true,medium,true
low,true,seventies,false,medium,true
moderate,false,seventies,false,little,true
moderate,false,twenties,false,medium,true
low,true,sixties,false,severe,true
high,true,fifties,false,little,false
high,true,sixties,false,severe,false
high,false,fourties,true,little,false
low,false,fifties,false,severe,true
high,true,sixties,false,little,true
normal,false,fourties,false,little,false
low,false,thirties,false,medium,true
normal,true,fifties,false,severe,false
moderate,true,thirties,false,little,false
normal,false,fourties,false,medium,true
moderate,true,sixties,true,severe,true
high,true,sixties,false,medium,false
moderate,true,fifties,false,severe,false
moderate,false,twenties,true,medium,false
moderate,true,seventies,true,little,true
normal,false,fifties,true,medium,false
moderate,false,fourties,true,little,true
moderate,true,fourties,false,medium,true
moderate,true,sixties,false,medium,false
moderate,false,fourties,true,severe,true
moderate,true,sixties,true,little,true
low,false,seventies,true,severe,true
normal,false,fifties,true,severe,false
high,true,seventies,true,little,false
moderate,true,fourties,false,severe,true
low,true,sixties,true,little,true
low,false,sixties,true,little,true
moderate,false,twenties,true,medium,false
high,true,eighties,true,medium,false
normal,true,sixties,true,medium,true
high,false,seventies,true,medium,true
low,true,seventies,true,little,true
low,true,sixties,true,little,true
high,false,fourties,true,medium,false
normal,true,thirties,true,little,true
low,true,thirties,false,severe,true
high,false,sixties,true,little,false
normal,true,thirties,true,severe,true
moderate,false,thirties,false,little,false
normal,true,sixties,true,medium,false
normal,false,twenties,false,severe,true
low,false,seventies,false,little,true
normal,false,sixties,false,severe,false
high,false,teens,true,little,false
low,true,seventies,false,severe,false
low,true,thirties,false,medium,true
low,false,seventies,true,little,true
moderate,false,fourties,false,little,false
low,true,twenties,true,little,false
high,true,teens,false,little,true
low,true,eighties,true,severe,true
low,false,sixties,false,severe,true
moderate,false,sixties,true,little,false
moderate,true,thirties,true,medium,true
low,false,fourties,false,severe,false
moderate,false,seventies,false,severe,true
high,true,fourties,true,severe,false
high,false,fourties,true,little,false
low,true,teens,false,severe,false
normal,false,fifties,false,little,false
low,false,eighties,false,little,true
moderate,true,sixties,true,medium,false
moderate,true,fifties,false,severe,false
high,true,twenties,false,severe,true
high,true,twenties,false,severe,false
low,true,seventies,false,little,true
normal,false,thirties,false,medium,false
moderate,false,twenties,true,severe,false
low,true,fifties,true,medium,false
moderate,true,teens,true,little,true
high,false,fifties,false,severe,false
low,false,fifties,false,little,false
moderate,false,eighties,false,medium,false
high,true,sixties,false,severe,true
high,true,fourties,true,little,true
high,true,fifties,true,medium,false
normal,false,seventies,true,medium,false
normal,false,teens,true,severe,false
moderate,false,twenties,true,little,true
high,false,thirties,true,little,false
moderate,false,sixties,false,little,false
high,true,twenties,true,severe,false
moderate,false,eighties,true,severe,true
high,true,sixties,true,medium,true
low,true,twenties,false,severe,true
moderate,true,eighties,false,little,false
moderate,false,seventies,false,medium,true
moderate,false,twenties,true,little,true
low,true,twenties,false,severe,false
high,false,fifties,false,little,false
low,true,eighties,false,little,false
high,true,teens,true,medium,false
moderate,false,teens,true,medium,false
high,true,twenties,true,severe,true
moderate,true,twenties,true,medium,false
low,false,fifties,false,little,false
low,false,twenties,false,medium,true
moderate,true,twenties,false,little,true
moderate,true,twenties,true,severe,false
moderate,false,twenties,true,severe,true
high,true,sixties,false,severe,true
moderate,false,twenties,false,little,true
moderate,false,seventies,false,severe,false
high,true,sixties,true,severe,true
normal,true,sixties,false,severe,false
high,true,sixties,true,little,true
normal,false,twenties,true,little,false
low,false,fourties,true,severe,false
normal,false,sixties,false,medium,false
normal,false,sixties,true,medium,true
moderate,true,teens,false,severe,true
normal,true,sixties,false,medium,true
low,false,fourties,false,medium,true
moderate,true,thirties,true,little,false
low,false,fifties,false,little,true
normal,true,sixties,false,severe,false
normal,false,seventies,true,severe,true
high,false,seventies,true,severe,true
high,false,seventies,false,little,false
normal,true,eighties,false,medium,true
low,false,fourties,true,little,true
normal,false,sixties,true,severe,true
moderate,false,fifties,false,severe,true
moderate,false,sixties,false,little,true
moderate,false,fourties,true,little,true
moderate,false,twenties,true,medium,false
moderate,true,fifties,true,medium,true
moderate,false,seventies,false,severe,false
low,true,fifties,true,severe,false
low,true,twenties,false,little,true
low,false,thirties,false,little,true
normal,false,thirties,true,little,false
normal,false,thirties,true,medium,true
moderate,true,thirties,false,medium,true
normal,false,eighties,false,little,false
normal,false,seventies,false,medium,false
low,false,twenties,true,medium,false
moderate,true,thirties,true,severe,false
moderate,false,thirties,true,medium,true
moderate,false,seventies,true,medium,false
moderate,true,teens,true,medium,true
moderate,true,thirties,true,medium,true
low,false,eighties,false,medium,false
high,true,fifties,false,medium,true
moderate,true,fifties,false,medium,false
moderate,false,thirties,false,little,true
moderate,false,thirties,false,medium,true
low,true,eighties,true,little,true
normal,false,fourties,false,little,true
moderate,true,fifties,true,medium,true
moderate,false,fifties,false,severe,false
moderate,false,fifties,true,medium,false
low,true,fourties,true,little,false
moderate,true,thirties,true,medium,true
moderate,false,sixties,false,little,false
high,true,eighties,true,medium,true
moderate,true,fifties,false,severe,true
normal,true,twenties,true,little,true
normal,true,teens,false,little,false
high,true,teens,true,severe,true
low,false,fifties,false,medium,false
moderate,false,twenties,false,severe,false
high,true,fourties,false,severe,false
moderate,false,thirties,true,medium,false
moderate,false,fifties,false,severe,true
normal,true,fifties,true,little,true
moderate,false,sixties,false,medium,false
low,true,sixties,true,little,true
moderate,false,seventies,false,severe,true
high,true,sixties,false,medium,false
normal,true,seventies,false,little,true
normal,false,fourties,false,severe,false
low,false,fourties,false,severe,false
low,false,fourties,true,severe,false
normal,true,sixties,true,little,false
high,true,teens,true,little,false
low,true,thirties,false,severe,false
low,false,fifties,true,severe,true
moderate,false,thirties,false,severe,false
moderate,false,thirties,true,medium,false
moderate,false,eighties,true,medium,false
low,true,seventies,false,severe,true
high,false,fifties,false,little,false
moderate,false,twenties,true,little,true
high,false,fifties,false,medium,true
high,false,fifties,false,medium,false
moderate,false,sixties,false,little,true
moderate,true,fifties,false,severe,true
low,false,fifties,true,medium,true
moderate,false,sixties,true,little,true
moderate,false,teens,false,severe,false
moderate,true,fifties,true,little,false
moderate,false,thirties,true,little,false
moderate,true,seventies,true,medium,false
moderate,false,fifties,true,severe,true
low,false,fifties,false,severe,true
low,false,sixties,false,medium,false
moderate,false,fifties,true,little,false
normal,false,sixties,true,little,false
low,true,thirties,true,medium,false
high,true,sixties,true,medium,false
moderate,false,fourties,false,severe,true
normal,false,seventies,true,little,true
high,false,seventies,true,medium,true
moderate,false,seventies,true,little,false
low,false,fourties,false,little,false
moderate,true,thirties,false,little,true
moderate,true,thirties,true,medium,true
moderate,true,fifties,false,medium,true
moderate,false,sixties,false,medium,false
moderate,true,seventies,true,severe,false
moderate,true,fifties,false,medium,true
moderate,false,thirties,true,little,false
high,false,twenties,true,severe,true
moderate,true,fourties,false,severe,true
low,true,teens,false,severe,true
high,false,sixties,false,medium,true
moderate,false,teens,true,medium,true
moderate,false,fourties,true,severe,true
high,true,sixties,false,little,true
normal,true,seventies,false,little,true
moderate,true,seventies,false,severe,true
low,false,eighties,false,little,true
low,true,sixties,true,little,false
moderate,true,twenties,false,little,true
moderate,false,seventies,true,medium,false
low,false,twenties,true,medium,true
high,false,twenties,true,medium,true
moderate,true,teens,true,medium,false
low,false,sixties,false,severe,false
normal,false,fourties,false,medium,true
normal,false,twenties,false,little,false
normal,false,fifties,true,medium,true
high,false,twenties,false,severe,false
moderate,false,teens,false,little,true
moderate,true,teens,false,medium,true
high,false,fourties,false,little,false
moderate,false,thirties,true,severe,false
normal,false,fourties,true,severe,true
moderate,true,seventies,false,severe,false
moderate,false,seventies,false,little,true
high,false,teens,true,severe,true
moderate,false,fourties,false,severe,true
moderate,true,fourties,false,medium,false
low,false,seventies,true,little,false
low,true,thirties,true,severe,true
high,true,twenties,false,severe,true
high,false,sixties,false,little,false
moderate,true,sixties,true,little,false
high,false,twenties,false,little,false
high,false,thirties,true,little,true
moderate,true,fourties,true,little,true
normal,false,seventies,true,severe,false
normal,false,thirties,false,medium,false
low,true,sixties,false,medium,true
moderate,true,fourties,false,severe,true
high,false,teens,true,medium,true
moderate,true,twenties,false,medium,false
low,true,fifties,true,little,true
low,true,teens,false,severe,false
high,true,seventies,true,little,false
normal,true,twenties,false,little,true
moderate,false,twenties,false,medium,false
moderate,false,fourties,false,severe,true
low,false,sixties,false,little,false
low,true,twenties,false,little,true
moderate,false,teens,false,severe,false
moderate,true,twenties,true,severe,true
high,true,thirties,true,little,false
moderate,false,fourties,false,medium,false
low,true,twenties,true,little,false
moderate,true,fifties,true,severe,true
moderate,true,fifties,false,medium,false
moderate,true,seventies,true,severe,false
moderate,true,fourties,true,severe,true
normal,false,twenties,false,little,false
high,false,fourties,true,little,true
moderate,false,thirties,false,medium,true
low,true,seventies,false,severe,true
normal,false,teens,false,severe,true
low,false,thirties,false,little,false
moderate,true,fourties,false,little,false
normal,true,fourties,false,medium,true
low,false,seventies,true,medium,false
moderate,false,sixties,false,little,true
low,false,seventies,false,severe,false
low,false,fourties,true,little,false
high,false,eighties,false,severe,false
normal,false,fourties,true,medium,true
high,false,seventies,true,little,true
moderate,true,twenties,true,medium,false
normal,true,fourties,false,medium,false
high,false,twenties,false,severe,false
moderate,false,fifties,false,medium,false
normal,true,seventies,false,little,false
low,true,twenties,true,medium,true
high,false,eighties,false,medium,true
high,false,thirties,true,severe,false
moderate,false,twenties,false,severe,false
low,true,sixties,true,medium,true
low,false,twenties,true,medium,true
moderate,false,fifties,true,severe,false
moderate,false,sixties,false,severe,true
low,false,fourties,true,severe,true
high,true,twenties,true,severe,false
moderate,false,seventies,false,little,false
high,false,seventies,false,little,false
normal,false,thirties,true,severe,false
normal,false,twenties,false,severe,true
normal,true,fifties,true,medium,false
high,true,twenties,true,little,false
moderate,true,seventies,true,severe,false
moderate,true,fourties,true,medium,false
low,true,fifties,true,severe,false
high,false,seventies,true,severe,false
high,true,fifties,false,little,true
normal,true,eighties,true,little,false
low,true,fourties,false,medium,false
moderate,false,seventies,true,severe,false
high,true,thirties,false,severe,false
normal,false,sixties,true,medium,true
normal,false,teens,false,little,true
moderate,true,teens,false,severe,true
low,true,twenties,true,medium,false
moderate,false,twenties,true,little,false
high,false,sixties,true,little,false
normal,true,sixties,false,little,true
low,false,fifties,true,little,true
moderate,false,teens,true,little,false
normal,false,twenties,true,medium,false
high,true,fifties,false,medium,true
normal,true,fourties,false,medium,true
normal,false,twenties,false,medium,true
moderate,false,thirties,false,medium,false
normal,false,fifties,true,severe,true
normal,false,teens,false,medium,true
moderate,true,eighties,true,medium,false
low,false,thirties,false,little,false
moderate,true,fourties,true,little,true
normal,true,seventies,false,severe,false
normal,false,sixties,true,severe,true
moderate,true,sixties,true,medium,false
high,false,fifties,false,medium,true
moderate,true,thirties,true,medium,true
high,true,seventies,true,severe,false
moderate,true,thirties,true,severe,false
moderate,false,sixties,true,little,false
high,false,fifties,false,severe,false
normal,false,fifties,true,little,false
low,false,seventies,true,medium,true
normal,true,fifties,false,severe,false
normal,true,seventies,false,little,false
normal,false,thirties,true,medium,false
normal,false,seventies,true,severe,false
high,true,fifties,false,medium,true
high,false,fourties,false,medium,false
normal,false,fourties,true,little,true
high,true,sixties,false,severe,false
low,true,twenties,false,severe,false
moderate,false,seventies,false,medium,true
moderate,true,fourties,false,little,true
moderate,false,sixties,false,severe,false
low,false,fifties,true,little,true
normal,false,seventies,false,little,true
moderate,false,twenties,true,severe,false
normal,false,fourties,false,little,true
moderate,false,twenties,false,little,true
moderate,true,seventies,false,medium,true
moderate,false,thirties,false,little,true
moderate,true,twenties,true,medium,true
moderate,false,thirties,false,medium,false
moderate,false,fifties,true,little,false
high,true,teens,false,little,false
low,true,sixties,false,medium,false
moderate,true,teens,false,medium,true
normal,false,seventies,true,little,true
high,true,fifties,true,severe,true
normal,true,twenties,false,medium,true
moderate,true,seventies,false,little,true
high,false,twenties,false,severe,false
low,false,thirties,true,little,false
high,false,twenties,false,severe,true
moderate,false,twenties,true,little,true
low,false,fourties,true,little,true
moderate,false,thirties,true,little,false
moderate,false,twenties,true,severe,false
normal,true,thirties,false,little,true
normal,false,seventies,false,little,true
high,false,thirties,false,medium,false
moderate,false,fifties,false,little,true
moderate,true,fourties,true,severe,true
high,false,sixties,false,medium,false
normal,true,sixties,true,little,false
low,true,twenties,true,medium,true
moderate,true,sixties,true,little,false
high,false,sixties,false,little,false
moderate,true,twenties,false,severe,true
moderate,false,sixties,false,severe,false
high,false,seventies,true,medium,false
high,false,thirties,false,little,true
low,true,twenties,true,medium,true
low,false,teens,false,medium,false
moderate,false,thirties,true,little,true
high,true,fifties,true,medium,false
low,false,twenties,true,medium,false
high,true,twenties,true,medium,true
moderate,false,seventies,false,severe,true
moderate,false,fourties,false,medium,true
high,true,fourties,false,little,false
normal,true,thirties,true,little,false
high,true,thirties,false,medium,false
normal,false,fifties,false,severe,true
high,false,fourties,true,little,false
moderate,false,seventies,false,medium,true
moderate,false,thirties,false,little,true
high,false,sixties,false,medium,true
normal,false,sixties,true,severe,false
normal,true,seventies,true,little,false
low,false,twenties,true,severe,false
low,false,seventies,false,little,false
moderate,false,thirties,true,medium,false
normal,false,twenties,true,severe,false
moderate,false,thirties,false,little,false
high,true,twenties,false,little,false
moderate,true,seventies,false,medium,false
moderate,false,fourties,true,little,true
normal,true,fourties,false,medium,false
high,true,fifties,false,little,false
low,false,eighties,true,severe,true
low,true,thirties,false,medium,false
moderate,true,teens,false,medium,true
moderate,true,seventies,true,medium,false
low,true,thirties,false,severe,false
moderate,true,twenties,false,little,false
moderate,false,twenties,true,medium,false
moderate,true,fifties,false,medium,true
moderate,false,fifties,true,little,true
low,true,twenties,true,severe,true
low,true,sixties,true,severe,true
low,true,thirties,true,little,true
normal,false,fifties,false,little,true
moderate,true,thirties,false,little,true
low,false,fourties,true,severe,false
moderate,true,fifties,false,severe,true
low,false,sixties,false,little,true
moderate,false,teens,true,little,true
moderate,false,seventies,false,severe,false
low,false,seventies,false,severe,true
moderate,true,fourties,true,little,true
moderate,true,seventies,false,little,true
high,true,seventies,false,little,false
moderate,true,twenties,true,medium,false
moderate,false,fourties,false,little,false
normal,false,eighties,true,medium,true
low,true,seventies,true,little,false
low,false,sixties,true,little,false
low,true,teens,false,medium,false
high,false,fourties,false,severe,false
normal,true,teens,false,severe,false
moderate,true,teens,true,little,true
moderate,true,sixties,false,severe,true
normal,false,seventies,false,medium,false
moderate,false,eighties,false,severe,true
moderate,false,twenties,false,severe,false
normal,false,fourties,false,little,false
moderate,false,seventies,false,little,true
normal,true,teens,true,severe,false
moderate,true,thirties,true,severe,true
high,true,thirties,true,little,false
moderate,false,seventies,false,severe,true
moderate,false,seventies,true,little,false
moderate,true,fourties,false,severe,false
moderate,true,seventies,false,little,true
high,true,sixties,false,little,false
high,false,seventies,false,little,false
high,true,fourties,false,severe,false
moderate,false,sixties,true,little,false
moderate,false,fifties,false,severe,true
low,true,fourties,false,severe,true
high,true,twenties,false,medium,true
low,true,thirties,false,medium,true
moderate,false,sixties,true,severe,true
low,false,seventies,false,severe,true
moderate,false,fourties,true,severe,false
moderate,false,thirties,true,medium,true
moderate,true,fourties,true,medium,true
moderate,false,twenties,true,medium,false
normal,true,thirties,false,little,true
moderate,true,seventies,true,severe,true
high,true,seventies,true,little,true
high,false,fifties,false,severe,false
moderate,true,teens,true,severe,true
moderate,false,fourties,true,medium,true
low,false,sixties,true,medium,false
high,true,sixties,false,medium,true
moderate,true,sixties,true,little,false
moderate,true,fifties,false,medium,true
low,false,fourties,false,medium,true
moderate,true,fifties,true,medium,true
high,false,fifties,true,severe,false
moderate,true,thirties,true,little,true
moderate,true,thirties,false,severe,true
moderate,true,fourties,true,little,false
moderate,true,thirties,true,medium,false
normal,false,fifties,true,severe,true
normal,true,seventies,true,little,true
normal,true,teens,false,severe,true
low,false,fifties,true,medium,false
moderate,true,fourties,false,severe,true
moderate,true,seventies,true,medium,false
moderate,false,seventies,false,medium,true
high,true,teens,false,medium,true
normal,true,sixties,false,severe,true
high,false,fourties,true,medium,true
moderate,true,twenties,false,medium,true
high,false,sixties,false,little,false
high,true,fifties,false,severe,true
normal,false,seventies,true,little,true
low,true,twenties,false,severe,true
high,false,eighties,true,medium,false
normal,false,seventies,false,little,true
moderate,false,fifties,false,little,true
low,false,eighties,true,medium,false
high,false,sixties,true,medium,true
low,true,seventies,true,medium,true
moderate,true,twenties,true,little,false
moderate,true,fifties,true,severe,false
low,true,fourties,true,severe,false
low,false,thirties,true,medium,false
moderate,true,teens,false,severe,true
moderate,false,thirties,true,severe,true
moderate,false,sixties,false,little,true
moderate,true,fifties,false,medium,false
normal,false,twenties,true,medium,true
moderate,false,thirties,false,little,true
high,true,fifties,true,little,true
normal,false,teens,false,medium,true
moderate,false,seventies,true,little,false
normal,false,twenties,true,medium,false
low,true,teens,false,severe,true
normal,true,thirties,false,little,true
high,false,twenties,false,severe,true
moderate,true,twenties,true,medium,false
normal,true,fourties,true,severe,false
moderate,false,twenties,false,severe,false
moderate,false,thirties,false,severe,true
moderate,true,seventies,false,medium,true
low,true,sixties,false,severe,true
moderate,false,fourties,true,severe,true
high,false,seventies,true,severe,true
moderate,false,fifties,false,little,false
low,true,thirties,true,severe,true
high,true,teens,false,little,false
high,true,seventies,false,little,true
moderate,false,twenties,true,medium,true
low,true,twenties,true,little,true
normal,true,sixties,true,little,true
high,true,seventies,false,severe,true
low,false,twenties,false,little,false
high,true,seventies,true,medium,false
normal,true,thirties,true,severe,false
low,false,thirties,true,severe,false
high,true,sixties,true,medium,true
low,true,twenties,true,medium,true
moderate,false,sixties,false,little,false
moderate,false,sixties,true,little,true
low,false,fifties,false,medium,true
moderate,false,teens,false,little,true
normal,false,thirties,true,medium,true
high,false,fourties,true,severe,true
moderate,false,sixties,true,medium,true
low,false,twenties,true,little,false
low,true,seventies,true,medium,true
moderate,false,sixties,false,medium,false
high,false,fourties,false,little,false
low,false,twenties,true,severe,true
low,true,sixties,false,severe,false
moderate,false,twenties,true,little,true
low,true,sixties,false,medium,true
high,true,fourties,true,little,false
normal,false,seventies,false,little,false
moderate,false,seventies,true,severe,true
normal,true,sixties,false,medium,false
low,true,twenties,true,severe,true
normal,true,twenties,true,little,true
high,true,thirties,false,little,false
normal,false,seventies,false,little,false
moderate,true,sixties,false,medium,true
moderate,false,teens,false,severe,true
low,true,sixties,false,medium,false
moderate,false,teens,false,medium,true
low,true,teens,true,severe,true
high,false,seventies,false,medium,true
moderate,true,seventies,true,severe,true
high,false,thirties,true,little,false
high,true,twenties,false,medium,true
moderate,false,thirties,false,medium,true
moderate,false,fifties,true,medium,false
low,false,thirties,true,severe,true
moderate,false,thirties,false,severe,true
normal,true,seventies,false,severe,false
normal,true,twenties,true,little,false
low,false,sixties,true,little,true
high,true,teens,true,medium,false
high,true,seventies,true,little,true
moderate,false,seventies,false,severe,false
moderate,false,thirties,true,little,true
normal,true,thirties,false,severe,true
moderate,false,fourties,false,medium,false
low,false,teens,true,severe,true
moderate,false,seventies,false,little,false
normal,false,thirties,true,little,false
high,false,twenties,true,little,true
low,true,teens,false,little,false
low,true,thirties,false,severe,true
normal,false,fifties,false,medium,false
high,true,seventies,true,severe,false
high,true,twenties,true,severe,true
high,true,thirties,true,medium,false
normal,false,sixties,false,severe,false
high,false,seventies,true,medium,true
moderate,true,fourties,false,severe,false
moderate,true,fifties,true,severe,false
low,false,twenties,false,severe,false
moderate,true,seventies,false,little,false
moderate,true,fifties,false,little,true
low,false,seventies,false,little,false
low,true,twenties,false,severe,true
normal,false,seventies,false,little,true
high,true,twenties,true,little,false
moderate,true,sixties,true,little,true
moderate,true,thirties,false,medium,true
moderate,true,fourties,true,medium,true
moderate,false,twenties,true,severe,false
normal,true,seventies,false,medium,true
low,true,thirties,true,medium,false
high,true,teens,false,severe,false
low,true,sixties,false,severe,false
moderate,false,seventies,true,medium,true
high,false,teens,false,severe,false
high,false,thirties,true,little,true
low,false,sixties,true,medium,true
moderate,false,fourties,false,medium,true
high,true,twenties,true,little,false
normal,false,thirties,false,little,false
normal,true,seventies,false,little,false
normal,false,thirties,true,severe,false
high,true,fifties,true,severe,false
moderate,true,sixties,true,medium,true
high,true,thirties,false,little,false
moderate,true,teens,true,severe,true
low,true,seventies,false,medium,false
moderate,true,teens,true,medium,false
moderate,true,fourties,true,medium,false
moderate,true,sixties,false,severe,true
moderate,true,thirties,true,medium,true
normal,false,fourties,false,severe,false
low,false,sixties,true,medium,true
moderate,false,twenties,false,severe,false
low,false,fifties,false,severe,true
moderate,true,fifties,false,severe,true
normal,false,sixties,true,severe,false
low,false,seventies,true,medium,true
moderate,false,sixties,false,severe,false
low,true,fifties,false,medium,true
high,false,fifties,false,little,true
low,false,seventies,false,severe,false
normal,false,teens,false,medium,true
low,false,fifties,true,medium,true
high,false,fifties,true,little,true
low,false,fourties,false,medium,true
moderate,true,fifties,true,medium,false
moderate,false,seventies,false,severe,true
low,true,twenties,true,medium,true
moderate,false,twenties,true,medium,false
high,true,twenties,false,little,true
moderate,true,fifties,true,medium,false
low,false,teens,false,severe,false
normal,true,fifties,true,little,false
moderate,true,seventies,true,severe,true
moderate,true,fifties,true,severe,true
low,true,twenties,true,medium,true
moderate,true,twenties,true,medium,true
moderate,false,twenties,false,little,false
moderate,true,fourties,true,little,true
low,false,thirties,true,severe,false
moderate,false,fourties,true,severe,true
normal,false,fifties,false,medium,true
moderate,true,twenties,false,severe,false
low,true,seventies,true,severe,false
low,true,seventies,false,little,false
moderate,true,eighties,false,little,false
low,true,fifties,false,medium,true
normal,true,thirties,true,medium,true
high,true,teens,false,medium,true
moderate,false,teens,false,severe,true
moderate,false,twenties,true,medium,true
high,true,eighties,true,little,true
moderate,false,twenties,false,medium,false
moderate,true,seventies,false,medium,false
normal,false,twenties,false,little,false
low,true,teens,false,medium,true
low,false,thirties,false,severe,true
normal,false,sixties,true,little,true
high,false,thirties,true,severe,false
high,false,seventies,false,little,true
moderate,false,fourties,false,severe,false
normal,true,sixties,false,medium,false
low,true,thirties,false,medium,false
low,true,twenties,true,severe,false
moderate,true,fourties,false,severe,false
moderate,true,thirties,true,medium,true
moderate,false,fifties,true,medium,false
moderate,true,seventies,false,little,true
low,true,thirties,true,little,false
low,false,thirties,false,severe,true
moderate,false,seventies,true,severe,false
moderate,true,seventies,false,severe,true
normal,false,teens,true,severe,true
low,false,sixties,true,medium,true
low,true,eighties,false,medium,true
moderate,false,thirties,true,severe,false
low,true,sixties,false,little,false
moderate,true,sixties,true,little,false
moderate,false,twenties,true,medium,false
moderate,true,seventies,true,medium,true
high,false,twenties,true,little,true
high,true,fourties,false,severe,true
moderate,true,sixties,true,medium,false
high,false,fourties,false,medium,true
moderate,false,sixties,false,severe,true
normal,false,twenties,true,little,true
moderate,false,fourties,true,medium,false
moderate,false,fourties,false,medium,true
high,true,teens,false,severe,true
high,false,twenties,true,medium,true
moderate,true,twenties,true,medium,true
moderate,false,fifties,false,little,true
moderate,false,seventies,false,medium,true
moderate,true,fourties,true,medium,true
moderate,false,fifties,false,medium,true
high,false,fifties,false,medium,false
moderate,false,twenties,true,little,true
low,true,teens,false,medium,true
normal,true,thirties,false,little,false
low,true,fifties,true,severe,false
moderate,true,sixties,true,medium,false
moderate,false,twenties,false,severe,true
high,false,seventies,true,little,false
low,false,teens,true,little,true
moderate,false,sixties,true,medium,false
high,false,fifties,true,severe,true
normal,false,fourties,false,medium,false
normal,false,seventies,false,medium,false
moderate,true,seventies,true,medium,true
high,true,twenties,false,little,false
normal,true,thirties,false,little,true
moderate,false,fifties,true,severe,true
normal,true,fourties,true,little,true
moderate,false,sixties,false,medium,false
normal,false,teens,true,severe,false
normal,true,fifties,true,severe,true
normal,false,teens,true,medium,true
low,false,fifties,true,severe,false
normal,true,sixties,false,medium,false
moderate,false,fourties,true,medium,true
low,true,fifties,false,medium,true
moderate,true,fourties,true,severe,false
moderate,false,fourties,false,medium,false
normal,false,seventies,true,medium,true
moderate,true,fifties,true,medium,true
low,false,thirties,false,little,false
moderate,false,fifties,true,medium,false
low,false,fourties,false,severe,false
low,true,fifties,false,medium,false
moderate,false,fourties,true,severe,false
normal,false,seventies,true,little,true
moderate,true,thirties,true,severe,true
moderate,true,sixties,true,severe,false
moderate,false,fifties,false,little,true
low,false,eighties,true,severe,true
moderate,false,teens,false,little,false
high,true,teens,true,medium,true
low,true,twenties,true,little,false
moderate,true,thirties,false,severe,true
normal,false,fourties,true,medium,false
moderate,true,eighties,true,medium,true
high,true,eighties,true,medium,true
high,false,thirties,true,little,false
moderate,true,twenties,true,little,false
normal,true,twenties,false,severe,true
high,true,twenties,true,little,true
moderate,true,sixties,true,little,true
moderate,false,twenties,false,severe,true
moderate,false,fifties,false,little,true
moderate,false,fourties,false,little,false
moderate,false,teens,true,medium,false
high,true,fourties,true,medium,true
moderate,false,seventies,false,medium,false
low,false,seventies,true,little,true
moderate,true,eighties,false,little,false
moderate,false,sixties,true,medium,true
high,true,twenties,true,little,false
high,false,sixties,false,severe,true
normal,false,twenties,false,severe,false
high,true,fourties,false,severe,false
normal,false,teens,false,severe,true
high,true,fifties,false,little,false
moderate,true,fourties,false,medium,true
moderate,true,fourties,true,little,false
low,false,thirties,true,little,false
low,false,seventies,true,little,true
moderate,true,twenties,false,little,false
moderate,false,thirties,true,medium,false
high,true,seventies,false,medium,true
low,false,twenties,false,severe,false
high,true,sixties,false,medium,false
low,true,sixties,true,severe,false
moderate,false,thirties,false,severe,false
high,false,fifties,true,severe,false
moderate,false,seventies,false,medium,true
moderate,true,fifties,true,medium,true
normal,false,sixties,true,little,true
normal,true,sixties,true,little,false
moderate,false,teens,true,medium,true
low,true,fourties,true,little,false
normal,true,sixties,true,severe,true
moderate,false,teens,false,severe,true
normal,false,twenties,false,severe,true
moderate,false,sixties,false,severe,false
normal,true,twenties,true,medium,true
high,true,thirties,true,little,true
moderate,false,thirties,false,severe,false
high,false,fourties,false,severe,true
normal,true,twenties,false,medium,false
high,false,thirties,false,medium,false
moderate,false,thirties,false,little,true
low,false,teens,true,medium,false
moderate,true,twenties,true,severe,true
moderate,false,thirties,true,little,true
normal,false,fifties,true,medium,false
normal,false,thirties,false,medium,false
moderate,false,twenties,true,medium,false
normal,false,seventies,true,medium,true
moderate,true,fifties,true,little,true
moderate,true,twenties,true,little,true
low,true,sixties,true,medium,false
low,true,twenties,true,medium,true
moderate,true,seventies,true,severe,true
low,true,fourties,true,severe,true
moderate,true,fourties,true,severe,true
low,false,fourties,true,severe,false
low,true,seventies,false,little,false
low,true,fourties,true,severe,true
low,true,sixties,true,severe,true
moderate,true,fifties,true,medium,true
normal,false,teens,false,severe,true
normal,true,fifties,false,medium,false
moderate,true,sixties,true,severe,false
low,false,fourties,false,medium,false
high,true,fifties,false,medium,true
high,true,fourties,false,little,true
moderate,false,fourties,false,little,true
low,true,sixties,false,severe,false
moderate,true,twenties,false,severe,false
moderate,false,fourties,false,severe,true
low,true,fourties,true,severe,true
moderate,true,seventies,true,little,false
high,false,sixties,true,little,false
low,true,sixties,true,medium,false
moderate,true,fifties,false,little,false
normal,false,teens,true,little,false
moderate,true,teens,false,medium,true
moderate,true,fifties,true,severe,true
low,false,fourties,true,medium,false
normal,true,sixties,false,severe,true
low,true,teens,true,severe,true
moderate,true,sixties,false,medium,false
high,true,sixties,false,little,false
normal,true,thirties,true,medium,true
low,false,thirties,false,medium,false
normal,false,seventies,true,little,false
normal,true,thirties,false,little,true
moderate,true,eighties,true,little,true
high,false,seventies,true,medium,true
moderate,true,sixties,false,little,false
moderate,true,twenties,false,medium,false
high,false,fifties,false,severe,true
high,true,thirties,false,little,true
normal,true,fifties,false,severe,true
low,true,twenties,false,medium,true
low,false,twenties,true,severe,false
moderate,true,thirties,true,medium,true
normal,true,fourties,true,severe,true
moderate,false,thirties,true,severe,false
moderate,false,fourties,true,severe,false
high,true,thirties,false,little,true
low,false,thirties,true,severe,true
moderate,true,thirties,true,little,true
low,false,seventies,false,severe,false
low,true,seventies,true,little,false
normal,true,thirties,false,medium,false
high,true,sixties,true,severe,false
moderate,false,seventies,true,severe,true
normal,false,thirties,false,medium,true
moderate,true,seventies,false,medium,false
moderate,false,thirties,true,medium,false
moderate,true,fifties,true,severe,true
moderate,true,thirties,false,little,false
moderate,false,seventies,true,severe,false
high,false,seventies,true,severe,false
high,false,sixties,true,severe,false
low,true,twenties,true,severe,true
normal,false,fourties,false,little,true
normal,true,seventies,false,severe,true
high,false,teens,false,severe,true
high,true,teens,true,severe,true
moderate,false,fifties,false,medium,false
high,true,thirties,true,little,true
moderate,false,teens,false,severe,true
low,false,fifties,true,medium,true
moderate,false,fourties,true,little,false
high,false,fifties,false,medium,false
high,true,teens,false,severe,false
moderate,false,sixties,true,medium,false
moderate,true,fourties,true,little,true
low,false,fifties,true,severe,true
high,true,eighties,false,medium,false
moderate,false,twenties,true,severe,true
normal,false,twenties,true,little,false
moderate,false,fifties,true,medium,false
high,false,sixties,false,little,true
moderate,false,thirties,false,severe,false
moderate,false,seventies,true,medium,false
moderate,false,thirties,false,severe,true
moderate,false,eighties,false,medium,true
moderate,true,thirties,true,little,true
moderate,true,seventies,false,little,true
high,false,fifties,false,severe,true
moderate,true,thirties,true,little,true
high,true,seventies,false,severe,true
normal,false,eighties,false,medium,false
normal,true,thirties,false,little,false
normal,true,fourties,true,medium,true
high,true,fifties,true,little,false
moderate,false,twenties,true,medium,false
normal,true,seventies,true,severe,false
normal,false,teens,true,little,false
normal,false,sixties,true,severe,false
high,false,seventies,false,severe,true
normal,false,thirties,true,severe,false
high,false,fourties,false,little,true
high,false,seventies,false,little,false
moderate,true,teens,true,medium,true
low,false,fourties,true,medium,false
moderate,false,sixties,true,medium,false
low,false,thirties,false,little,true
high,false,fifties,true,little,false
moderate,true,seventies,true,severe,false
moderate,true,thirties,false,little,false
normal,false,fifties,true,medium,true
normal,true,thirties,false,severe,true
moderate,true,fourties,false,little,true
moderate,false,sixties,true,little,false
low,false,twenties,false,severe,true
low,false,fourties,true,severe,false
high,true,seventies,true,medium,true
low,false,fifties,false,medium,true
low,false,thirties,false,medium,true
low,false,thirties,true,severe,true
moderate,false,sixties,false,little,false
high,true,sixties,false,severe,false
moderate,true,twenties,true,severe,false
low,false,eighties,false,little,true
moderate,true,fourties,true,medium,false
high,false,sixties,false,severe,false
normal,true,eighties,true,medium,true
high,false,twenties,false,little,true
low,false,fifties,true,little,false
moderate,false,fifties,false,little,true
moderate,true,twenties,true,medium,true
low,false,twenties,true,severe,false
normal,true,fourties,true,medium,true
low,true,sixties,false,severe,true
high,true,twenties,true,severe,true
normal,true,teens,true,little,true
high,false,fourties,false,medium,true
moderate,false,sixties,false,severe,false
low,true,seventies,false,medium,true
normal,false,thirties,false,severe,true
low,false,seventies,false,severe,true
low,true,sixties,true,medium,false
moderate,true,fourties,true,little,false
normal,false,thirties,true,little,true
normal,false,fourties,false,medium,true
moderate,true,fifties,true,medium,true
moderate,false,fourties,false,severe,true
moderate,true,seventies,true,medium,false
low,true,fifties,false,medium,false
moderate,true,teens,true,little,false
high,true,teens,false,little,true
normal,true,thirties,false,severe,false
low,true,teens,false,little,false
normal,true,sixties,true,little,false
normal,true,thirties,false,medium,true
moderate,false,teens,true,little,true
moderate,true,fourties,true,little,true
moderate,true,eighties,true,little,false
moderate,true,seventies,false,little,false
low,true,thirties,true,severe,false
normal,true,sixties,true,medium,false
high,true,teens,false,medium,true
normal,false,sixties,true,severe,false
high,true,teens,false,little,true
normal,false,sixties,false,severe,false
moderate,true,fifties,false,medium,false
moderate,true,fifties,false,severe,false
moderate,false,sixties,false,medium,false
moderate,true,fifties,true,severe,false
high,false,seventies,true,little,true
normal,false,fifties,true,severe,false
low,false,fifties,false,little,true
moderate,true,sixties,true,medium,false
normal,true,teens,false,little,false
low,true,twenties,true,medium,false
normal,true,fourties,false,severe,false
normal,false,thirties,true,severe,true
moderate,false,twenties,true,little,false
moderate,true,twenties,false,medium,true
low,false,thirties,false,medium,false
low,false,seventies,true,little,true
moderate,false,thirties,false,severe,true
moderate,false,seventies,true,medium,false
low,true,fifties,true,medium,true
moderate,false,seventies,false,severe,false
high,true,thirties,false,little,true
moderate,true,fourties,false,medium,true
low,true,sixties,true,medium,false
moderate,true,fourties,true,medium,false
moderate,true,teens,true,little,false
normal,false,thirties,false,medium,false
moderate,false,thirties,true,little,true
high,true,fifties,true,severe,true
high,true,fifties,false,severe,true
high,false,twenties,true,medium,false
high,true,fourties,true,little,false
high,false,teens,true,medium,false
moderate,false,teens,false,little,true
moderate,false,seventies,true,medium,true
moderate,false,sixties,true,severe,true
low,true,fourties,true,medium,true
normal,true,thirties,true,little,false
moderate,false,teens,true,medium,false
high,false,teens,true,severe,false
moderate,true,thirties,true,little,true
moderate,true,thirties,false,severe,true
low,true,seventies,false,little,true
normal,true,sixties,true,little,true
moderate,false,teens,true,medium,false
